line,stage,reason,raw
19,CLEAN,invalid_date,"TX-003768,CUST-E0018,ACC-E0018A,15-01-24,192.89,US$,,factura luz,servicios"
36,CLEAN,unknown_currency,"TX-001955,CUST-E0014,ACC-E0014A,17/02/2024,305.55,XYZ,Netflix,,suscripciones"
39,EXTRACT,wrong_column_count,"TX-004115,CUST-E0034,ACC-E0034A,Jan 10, 2024,201.94,Dólares,Tienda Online XYZ,compra online,compras,extra,columnas"
40,EXTRACT,wrong_column_count,"TX-001199,CUST-E0016"
56,CLEAN,missing_critical:date,"TX-001616,CUST-E0010,ACC-E0010B,,35.26,USD,Netflix,suscripcion mensual netflix,suscripciones"
68,CLEAN,missing_critical:date,"TX-001711,CUST-E0034,ACC-E0034A,,USD, usd ,,compra online,"
82,CLEAN,missing_critical:amount,"TX-001484,CUST-E0030,ACC-E0030B,2024-01-25,, usd ,Spotify,suscripcion spotify,suscripciones"
83,CLEAN,invalid_amount,"TX-002329,CUST-E0034,acc-e0034a,19/03/2024,USD,Dólares,Spotify,suscripcion spotify,suscripciones"
86,CLEAN,negative_amount,"TX-001344,CUST-E0001,ACC-E0001A,Jan 21, 2024,-174.97,USD,Tienda Online XYZ,compra online,compras"
100,CLEAN,invalid_amount,"TX-003992,CUST-E0021,ACC-E0021A,Mar 06, 2024,1,2,3.4,usd,Farmacia Salud,medicinas,salud"
101,CLEAN,missing_critical:amount,"TX-001838,CUST-E0005,ACC-E0005A,Jan 19, 2024,,Euros,Spotify,suscripcion spotify,suscripciones"
127,CLEAN,invalid_amount,"TX-002137,CUST-E0004,ACC-E0004A,Feb 26, 2024,12..5,Dólares,  Inmobiliaria Norte ,renta apartamento,vivienda"
153,CLEAN,missing_critical:date,"TX-001172,CUST-E0019,ACC-E0019A,,28.45,COP,Farmacia Salud,medicinas,"
160,CLEAN,missing_critical:amount,"TX-003581,  CUST-E0025 ,ACC-E0025B,2024-03-28,,US$,estacion gasolina sol,gasolina,"
173,CLEAN,missing_critical:customer_id,"TX-001712,,ACC-E0003A,12/03/2024,$5.69,XYZ,Spotify,suscripcion spotify,suscripciones"
175,CLEAN,missing_critical:date,"TX-003133,CUST-E0039,ACC-E0039A,N/A,28.70, usd ,Inmobiliaria Norte,renta apartamento,vivienda"
182,CLEAN,amount_exceeds_cap,"TX-003843,CUST-E0038,ACC-E0038A,30/03/2024,8000000,usd,Netflix,suscripcion mensual netflix,suscripciones"
199,CLEAN,invalid_date,"TX-004021,CUST-E0040,ACC-E0040B,2024-13-45,116.15,US$,Farmacia Salud,medicinas,salud"
207,EXTRACT,wrong_column_count,"TX-000410,CUST-E0034,ACC-E0034A,27/02/2024,185.95,USD"
208,CLEAN,missing_critical:customer_id,"TX-000600,,ACC-E0020B,29/01/2024,$78.42,Usd,Empresa de Luz,factura luz,servicios"
213,CLEAN,missing_critical:customer_id,"TX-002754,,ACC-E0036A,2024-03-21,30.57,Dólares,Empresa de Luz,factura luz,servicios"
218,CLEAN,missing_critical:customer_id,"TX-000649,,ACC-E0013A,13/02/2024,51.39,Dólares,Estacion Gasolina Sol,gasolina,"
228,CLEAN,negative_amount,"TX-000848,  CUST-E0037 ,ACC-E0037A,Feb 20, 2024,-59.27,Usd,Internet Hogar,factura internet,servicios"
243,CLEAN,negative_amount,"TX-003825,CUST-E0005,ACC-E0005A,2024-01-21,-110.20,,Spotify,suscripcion spotify,suscripciones"
262,EXTRACT,wrong_column_count,"TX-000414,CUST-E0037,  ACC-E0037A ,05/01/2024,$35.90,,Spotify,suscripcion spotify,suscripciones,extra,columnas"
265,EXTRACT,wrong_column_count,"TX-001677,cust-e0020,ACC-E0020A,Jan 02, 2024,206.08"
287,CLEAN,missing_critical:customer_id,"TX-003033,,ACC-E0005A,2024-02-07,81.72,EUR,Uber,viaje uber,transporte"
300,CLEAN,missing_critical:customer_id,"TX-003437,,acc-e0025a,2024-02-16,$897.86,usd,INTERNET HOGAR,factura internet,"
322,CLEAN,negative_amount,"TX-002198,CUST-E0021,ACC-E0021A,2024-02-15,-13.31,US$,Inmobiliaria Norte,renta apartamento,"
336,CLEAN,amount_exceeds_cap,"TX-000665,CUST-E0040,ACC-E0040A,23/02/2024,8000000,usd,Restaurante El Fogon,,alimentacion"
345,CLEAN,missing_critical:date,"TX-003306,CUST-E0009,ACC-E0009A,,40.63, usd ,Tienda Online XYZ,,compras"
354,CLEAN,missing_critical:customer_id,"TX-003761,,ACC-E0037A,04/02/2024,$217.44,US$,,compra online,"
380,CLEAN,negative_amount,"TX-002966,cust-e0012,ACC-E0012A,2024-01-02,-62.37,Usd,Spotify,,suscripciones"
382,CLEAN,unknown_currency,"TX-002932,  CUST-E0037 ,ACC-E0037A,2024-02-16,$120.40,XYZ,Uber,,transporte"
386,CLEAN,missing_critical:customer_id,"TX-002986,,  ACC-E0023A ,Mar 19, 2024,226.53,usd,ESTACION GASOLINA SOL,gasolina,transporte"
390,CLEAN,invalid_date,"TX-002258,CUST-E0038,ACC-E0038A,31/02/2024,33.53, usd ,Estacion Gasolina Sol,gasolina,"
394,CLEAN,missing_critical:customer_id,"TX-000094,,  ACC-E0027A ,Jan 21, 2024,32.76,COP,Empresa de Luz,factura luz,servicios"
403,CLEAN,amount_exceeds_cap,"TX-004093,CUST-E0014,ACC-E0014A,13/03/2024,$9,999,999.99,US$,Uber,viaje uber,transporte"
411,CLEAN,invalid_amount,"TX-001428,CUST-E0006,ACC-E0006A,2024-03-22,USD,usd,,suscripcion spotify,suscripciones"
428,EXTRACT,wrong_column_count,"TX-003520,CUST-E0019"
480,CLEAN,unknown_currency,"TX-002033,CUST-E0025,ACC-E0025B,24/01/2024,$17.35,XYZ,ESTACION GASOLINA SOL,gasolina,transporte"
491,CLEAN,exact_duplicate,"TX-001388,CUST-E0008,ACC-E0008A,2024-03-23,71.32,USD,Netflix"
501,EXTRACT,wrong_column_count,"TX-002130,CUST-E0032"
519,CLEAN,missing_critical:amount,"TX-001017,CUST-E0036,ACC-E0036A,2024-01-21,,Usd,spotify,,suscripciones"
522,CLEAN,missing_critical:customer_id,"TX-001190,,ACC-E0029A,2024-01-20,111.66,Usd,Farmacia Salud,medicinas,salud"
525,CLEAN,invalid_amount,"TX-001734,CUST-E0029,ACC-E0029A,08/02/2024,abc,Dólares,Uber,viaje uber,transporte"
534,CLEAN,missing_critical:amount,"TX-002219,CUST-E0010,  ACC-E0010B ,Feb 12, 2024,,Usd,Spotify,suscripcion spotify,"
548,CLEAN,duplicate_business_key,"TX-004253,CUST-E0009,ACC-E0009A,2024-01-01,69.35,USD,Farmacia Salud"
553,CLEAN,amount_exceeds_cap,"TX-002432,  CUST-E0009 ,ACC-E0009A,Feb 05, 2024,8000000,usd,Spotify,,suscripciones"
571,CLEAN,missing_critical:date,"TX-001171,CUST-E0005,ACC-E0005A,,191.32,EUR,Restaurante El Fogon,almuerzo restaurante,alimentacion"
575,CLEAN,missing_critical:customer_id,"TX-000885,,ACC-E0034A,Feb 20, 2024,$225.93,Dólares,Tienda Online XYZ,compra online,compras"
590,CLEAN,unknown_currency,"TX-003869,CUST-E0013,ACC-E0013A,19/03/2024,$40.39,XYZ,,factura internet,servicios"
594,CLEAN,missing_critical:amount,"TX-003146,  CUST-E0006 ,ACC-E0006A,16/03/2024,, usd ,Spotify,suscripcion spotify,suscripciones"
613,CLEAN,missing_critical:amount,"TX-003137,CUST-E0002,ACC-E0002A,Mar 22, 2024,,USD,Netflix,suscripcion mensual netflix,"
615,CLEAN,missing_critical:customer_id,"TX-000834,,ACC-E0016A,27/01/2024,98.16,USD,Empresa de Luz,factura luz,servicios"
616,CLEAN,invalid_date,"TX-003013,CUST-E0018,ACC-E0018A,31/02/2024,285.48,Usd,Spotify,suscripcion spotify,suscripciones"
624,CLEAN,negative_amount,"TX-003818,CUST-E0035,ACC-E0035B,01/02/2024,-67.86,eur,Netflix,suscripcion mensual netflix,suscripciones"
625,CLEAN,missing_critical:amount,"TX-004166,CUST-E0001,ACC-E0001A,31/01/2024,,US$,Internet Hogar,factura internet,servicios"
629,CLEAN,negative_amount,"TX-002090,CUST-E0040,ACC-E0040A,2024-03-01,-78.90,Dólares,empresa de luz,factura luz,servicios"
644,CLEAN,missing_critical:customer_id,"TX-001032,,ACC-E0013A,28/01/2024,54.30,USD,Inmobiliaria Norte,renta apartamento,vivienda"
682,CLEAN,missing_critical:customer_id,"TX-000423,,ACC-E0028A,06/02/2024,$109.59,Dólares,TIENDA ONLINE XYZ,compra online,compras"
686,CLEAN,missing_critical:customer_id,"TX-001013,,ACC-E0040B,Mar 26, 2024,$102.91,Usd,Restaurante El Fogon,almuerzo restaurante,alimentacion"
691,CLEAN,missing_critical:date,"TX-002366,CUST-E0032,ACC-E0032A,,$141.06,Dólares,,compra semanal supermercado,alimentacion"
709,CLEAN,missing_critical:amount,"TX-004163,CUST-E0039,ACC-E0039A,07/01/2024,,usd,Empresa de Luz,factura luz,servicios"
751,EXTRACT,wrong_column_count,"TX-001645,CUST-E0018"
775,EXTRACT,wrong_column_count,"TX-002795,CUST-E0012,ACC-E0012A,29/02/2024"
799,CLEAN,negative_amount,"TX-003294,CUST-E0022,acc-e0022a,Mar 12, 2024,-62.73, usd ,Supermercado Central,compra semanal supermercado,alimentacion"
800,CLEAN,duplicate_business_key,"TX-004145,CUST-E0021,ACC-E0021A,2024-02-04,23.00,USD,Supermercado Central"
821,CLEAN,amount_exceeds_cap,"TX-004038,  CUST-E0035 ,ACC-E0035B,09/03/2024,$9,999,999.99,Euros,Netflix,suscripcion mensual netflix,"
839,EXTRACT,wrong_column_count,"TX-003594,CUST-E0036,ACC-E0036A,Feb 03, 2024,54.72,Usd,Internet Hogar,factura internet,servicios,extra,columnas"
871,CLEAN,negative_amount,"TX-001732,CUST-E0025,ACC-E0025B,2024-02-28,-19.28,usd,Empresa de Luz,factura luz,servicios"
881,CLEAN,exact_duplicate,"TX-001763,CUST-E0011,ACC-E0011A,2024-02-02,14.62,USD,Tienda Online Xyz"
889,CLEAN,negative_amount,"TX-000229,CUST-E0016,ACC-E0016A,Feb 23, 2024,-93.56, usd ,Netflix,suscripcion mensual netflix,suscripciones"
905,CLEAN,missing_critical:date,"TX-002557,CUST-E0006,ACC-E0006A,N/A,$50.18,Usd,EMPRESA DE LUZ,factura luz,"
951,CLEAN,missing_critical:date,"TX-002245,CUST-E0006,  ACC-E0006A ,,482.26,USD,Estacion Gasolina Sol,gasolina,transporte"
952,CLEAN,negative_amount,"TX-000795,CUST-E0035,ACC-E0035B,2024-02-26,-123.23,Euros,supermercado central,compra semanal supermercado,alimentacion"
954,CLEAN,missing_critical:amount,"TX-003971,CUST-E0003,ACC-E0003A,20/01/2024,, usd ,Supermercado Central,,alimentacion"
957,CLEAN,unknown_currency,"TX-002151,CUST-E0022,ACC-E0022A,2024-02-08,486.31,bitcoins,Farmacia Salud,medicinas,"
988,EXTRACT,wrong_column_count,"TX-002129,CUST-E0008"
999,CLEAN,duplicate_business_key,"TX-004259,CUST-E0005,ACC-E0005B,2024-03-19,93.89,EUR,Estacion Gasolina Sol"
1017,CLEAN,negative_amount,"TX-003595,CUST-E0035,ACC-E0035A,2024-03-01,-158.83,Euros,Estacion Gasolina Sol,gasolina,transporte"
1024,CLEAN,duplicate_business_key,"TX-004260,CUST-E0038,ACC-E0038A,2024-01-19,46.53,USD,Spotify"
1039,EXTRACT,wrong_column_count,"TX-000613,CUST-E0005,ACC-E0005A,15/02/2024,56.05"
1049,CLEAN,missing_critical:customer_id,"TX-000179,,  ACC-E0010B ,06/03/2024,23.91, usd ,Spotify,suscripcion spotify,suscripciones"
1056,CLEAN,exact_duplicate,"TX-001396,CUST-E0006,ACC-E0006A,2024-03-26,60.35,USD,Empresa de Luz"
1090,CLEAN,missing_critical:date,"TX-002560,CUST-E0013,ACC-E0013A,,108.07, usd ,Netflix,suscripcion mensual netflix,suscripciones"
1093,CLEAN,duplicate_business_key,"TX-004267,CUST-E0026,ACC-E0026A,2024-01-12,106.28,USD,Tienda Online XYZ"
1102,CLEAN,missing_critical:amount,"TX-000216,cust-e0012,ACC-E0012A,2024-03-23,,USD,Spotify,suscripcion spotify,"
1131,CLEAN,missing_critical:date,"TX-002036,CUST-E0020,ACC-E0020A,,72.33,US$,Restaurante El Fogon,almuerzo restaurante,alimentacion"
1132,EXTRACT,wrong_column_count,"TX-003892,  CUST-E0026 ,ACC-E0026A"
1137,CLEAN,missing_critical:date,"TX-000140,CUST-E0024,ACC-E0024A,,145.79,Usd,Uber,viaje uber,transporte"
1148,CLEAN,duplicate_business_key,"TX-004246,CUST-E0001,ACC-E0001A,2024-01-07,165.28,USD,Tienda Online Xyz"
1178,CLEAN,missing_critical:date,"TX-002183,CUST-E0007,ACC-E0007A,,$231.67, usd ,Internet Hogar,factura internet,servicios"
1183,EXTRACT,wrong_column_count,"TX-003312,cust-e0038,ACC-E0038A,26/02/2024,39.94,,Spotify,suscripcion spotify,suscripciones,extra,columnas"
1246,CLEAN,negative_amount,"TX-003972,CUST-E0031,ACC-E0031A,2024-03-15,-55.37,Dólares,Restaurante El Fogon,almuerzo restaurante,alimentacion"
1250,CLEAN,unknown_currency,"TX-001897,CUST-E0012,ACC-E0012A,19/01/2024,$65.14,bitcoins,  Inmobiliaria Norte ,renta apartamento,"
1256,CLEAN,exact_duplicate,"TX-000172,CUST-E0032,ACC-E0032A,2024-01-08,105.01,USD,Inmobiliaria Norte"
1285,EXTRACT,wrong_column_count,"TX-001459,CUST-E0009,ACC-E0009A,2024-03-05,20.18,Dólares,Spotify,suscripcion spotify,suscripciones,extra,columnas"
1297,CLEAN,missing_critical:amount,"TX-000609,CUST-E0010,ACC-E0010B,2024-02-29,,US$,Farmacia Salud,medicinas,salud"
1310,CLEAN,invalid_date,"TX-000214,cust-e0025,ACC-E0025B,2024-13-45,24.99,USD,Estacion Gasolina Sol,gasolina,transporte"
1323,CLEAN,exact_duplicate,"TX-001684,CUST-E0036,ACC-E0036A,2024-03-23,51.22,USD,Tienda Online XYZ"
1324,CLEAN,missing_critical:date,"TX-003908,CUST-E0031,  ACC-E0031A ,N/A,34.95,Usd,Inmobiliaria Norte,renta apartamento,vivienda"
1347,CLEAN,missing_critical:customer_id,"TX-003690,,ACC-E0009A,N/A,21.26,Dólares,Inmobiliaria Norte,renta apartamento,vivienda"
1357,CLEAN,invalid_date,"TX-001416,CUST-E0001,ACC-E0001A,31/02/2024,$25.74,US$,Estacion Gasolina Sol,gasolina,transporte"
1363,CLEAN,missing_critical:date,"TX-002658,CUST-E0009,ACC-E0009A,,11.93,US$,Inmobiliaria Norte,renta apartamento,vivienda"
1368,CLEAN,amount_exceeds_cap,"TX-000851,CUST-E0014,ACC-E0014A,01/03/2024,$9,999,999.99,usd,Supermercado Central,,alimentacion"
1372,CLEAN,missing_critical:amount,"TX-001715,CUST-E0018,ACC-E0018A,02/03/2024,,USD,Tienda Online XYZ,compra online,compras"
1380,CLEAN,invalid_amount,"TX-001748,CUST-E0012,ACC-E0012A,10/02/2024,1,2,3.4,US$,Empresa de Luz,factura luz,servicios"
1402,CLEAN,duplicate_business_key,"TX-004276,CUST-E0010,ACC-E0010A,2024-01-19,9.62,USD,Internet Hogar"
1404,CLEAN,missing_critical:customer_id,"TX-003840,,ACC-E0034A,2024-02-27,120.52,US$,RESTAURANTE EL FOGON,almuerzo restaurante,alimentacion"
1410,CLEAN,missing_critical:amount,"TX-002938,CUST-E0005,ACC-E0005B,Feb 08, 2024,,eur,internet hogar,factura internet,servicios"
1414,CLEAN,duplicate_business_key,"TX-004209,CUST-E0005,ACC-E0005A,2024-01-02,83.81,EUR,Uber"
1422,CLEAN,missing_critical:date,"TX-001805,CUST-E0013,ACC-E0013A,,50.58,Usd,Farmacia Salud,medicinas,salud"
1433,CLEAN,exact_duplicate,"TX-002758,CUST-E0013,ACC-E0013A,2024-03-04,32.35,USD,Farmacia Salud"
1449,CLEAN,exact_duplicate,"TX-002796,CUST-E0018,ACC-E0018A,2024-01-03,190.84,USD,Empresa de Luz"
1462,CLEAN,negative_amount,"TX-001852,CUST-E0037,ACC-E0037A,2024-01-15,-33.21,usd,Netflix,suscripcion mensual netflix,suscripciones"
1482,CLEAN,missing_critical:amount,"TX-001394,CUST-E0035,ACC-E0035B,01/02/2024,,eur,Netflix,suscripcion mensual netflix,suscripciones"
1486,CLEAN,negative_amount,"TX-002914,CUST-E0007,ACC-E0007A,Feb 20, 2024,-47.50,usd,Inmobiliaria Norte,renta apartamento,vivienda"
1489,CLEAN,duplicate_business_key,"TX-004249,CUST-E0011,ACC-E0011A,2024-01-19,47.76,USD,Internet Hogar"
1514,CLEAN,missing_critical:amount,"TX-003756,CUST-E0012,ACC-E0012A,23/03/2024,,Usd,Uber,viaje uber,transporte"
1546,CLEAN,missing_critical:amount,"TX-000216,cust-e0012,ACC-E0012A,2024-03-23,,USD,Spotify,suscripcion spotify,"
1563,CLEAN,missing_critical:date,"TX-003442,CUST-E0002,ACC-E0002A,N/A,22.83,Usd,supermercado central,compra semanal supermercado,"
1570,CLEAN,exact_duplicate,"TX-004068,CUST-E0021,ACC-E0021A,2024-02-16,31.09,USD,Estacion Gasolina Sol"
1571,EXTRACT,wrong_column_count,"TX-003363,CUST-E0036,ACC-E0036A,Mar 05, 2024,$32.30"
1590,CLEAN,negative_amount,"TX-001615,CUST-E0037,ACC-E0037A,2024-02-09,-52.33,Dólares,  Inmobiliaria Norte ,renta apartamento,vivienda"
1598,CLEAN,exact_duplicate,"TX-000970,CUST-E0016,ACC-E0016A,2024-02-22,225.50,USD,Empresa de Luz"
1606,EXTRACT,wrong_column_count,"TX-002674,CUST-E0029,ACC-E0029A,08/02/2024,-153.63,usd,SPOTIFY,suscripcion spotify,suscripciones,extra,columnas"
1607,CLEAN,negative_amount,"TX-002733,CUST-E0018,ACC-E0018A,09/02/2024,-555.88, usd ,Internet Hogar,factura internet,servicios"
1615,CLEAN,missing_critical:customer_id,"TX-000497,,ACC-E0011A,Feb 28, 2024,$11.71,usd,Supermercado Central,compra semanal supermercado,alimentacion"
1617,CLEAN,exact_duplicate,"TX-000810,CUST-E0001,ACC-E0001A,2024-01-03,101.39,USD,Internet Hogar"
1618,EXTRACT,wrong_column_count,"TX-003379,CUST-E0009,ACC-E0009A,13/01/2024,407.71,US$,estacion gasolina sol,gasolina,transporte,extra,columnas"
1632,EXTRACT,wrong_column_count,"TX-003470,CUST-E0001,ACC-E0001A,01/02/2024,$71.41, usd ,Empresa de Luz,factura luz,servicios,extra,columnas"
1633,CLEAN,missing_critical:date,"TX-001569,CUST-E0040,ACC-E0040B,,186.25,Dólares,FARMACIA SALUD,medicinas,salud"
1660,CLEAN,exact_duplicate,"TX-000584,CUST-E0015,ACC-E0015A,2024-01-15,35.63,COP,Spotify"
1663,CLEAN,exact_duplicate,"TX-002433,CUST-E0004,ACC-E0004A,2024-03-12,20.73,USD,DESCONOCIDO"
1670,CLEAN,amount_exceeds_cap,"TX-000665,CUST-E0040,ACC-E0040A,23/02/2024,8000000,usd,Restaurante El Fogon,,alimentacion"
1671,CLEAN,duplicate_business_key,"TX-001132,CUST-E0039,ACC-E0039A,2024-02-10,25.55,USD,Empresa de Luz"
1689,CLEAN,invalid_date,"TX-002781,CUST-E0014,ACC-E0014A,15-01-24,57.42, usd ,Estacion Gasolina Sol,gasolina,transporte"
1695,CLEAN,missing_critical:date,"TX-000200,CUST-E0032,ACC-E0032A,,$180.98,Usd,  Uber ,viaje uber,transporte"
1717,CLEAN,missing_critical:date,"TX-003006,CUST-E0005,ACC-E0005B,,64.12,eur,Netflix,suscripcion mensual netflix,"
1725,CLEAN,exact_duplicate,"TX-001680,CUST-E0014,ACC-E0014A,2024-02-11,54.88,USD,Supermercado Central"
1729,CLEAN,negative_amount,"TX-003986,CUST-E0016,ACC-E0016A,Mar 02, 2024,-160.52,Usd,Internet Hogar,,servicios"
1737,EXTRACT,wrong_column_count,"TX-000726,CUST-E0029,ACC-E0029A,2024-03-24,48.98,USD,Supermercado Central,compra semanal supermercado,alimentacion,extra,columnas"
1750,CLEAN,exact_duplicate,"TX-002391,CUST-E0015,ACC-E0015A,2024-01-25,40.70,COP,Restaurante El Fogon"
1766,CLEAN,unknown_currency,"TX-001868,CUST-E0028,acc-e0028a,12/02/2024,$210.75,XYZ,NETFLIX,suscripcion mensual netflix,suscripciones"
1767,CLEAN,missing_critical:customer_id,"TX-001975,,ACC-E0034A,11/02/2024,95.30,USD,Inmobiliaria Norte,renta apartamento,vivienda"
1785,CLEAN,exact_duplicate,"TX-001779,CUST-E0033,ACC-E0033A,2024-01-25,79.83,COP,DESCONOCIDO"
1786,CLEAN,invalid_amount,"TX-001798,  CUST-E0032 ,ACC-E0032A,20/02/2024,USD, usd ,Restaurante El Fogon,almuerzo restaurante,alimentacion"
1787,CLEAN,invalid_date,"TX-001634,cust-e0024,ACC-E0024A,15-01-24,167.09,Usd,Netflix,suscripcion mensual netflix,suscripciones"
1797,CLEAN,negative_amount,"TX-002867,CUST-E0038,ACC-E0038A,2024-03-15,-41.01,Dólares,Uber,viaje uber,transporte"
1800,EXTRACT,wrong_column_count,"TX-002067,CUST-E0028,ACC-E0028A,Mar 03, 2024,48.26, usd ,Restaurante El Fogon,almuerzo restaurante,alimentacion,extra,columnas"
1816,CLEAN,invalid_date,"TX-001817,CUST-E0003,ACC-E0003A,2024-13-45,19.61,usd,Uber,viaje uber,"
1821,CLEAN,invalid_amount,"TX-001472,CUST-E0009,ACC-E0009A,2024-03-30,12..5,usd,Spotify,suscripcion spotify,"
1833,EXTRACT,wrong_column_count,"TX-003350,CUST-E0039,  ACC-E0039A ,04/03/2024,26.16,usd,SUPERMERCADO CENTRAL,compra semanal supermercado,alimentacion,extra,columnas"
1859,CLEAN,negative_amount,"TX-002864,CUST-E0017,ACC-E0017A,2024-01-09,-168.27,Dólares,Farmacia Salud,medicinas,salud"
1866,CLEAN,duplicate_business_key,"TX-002937,CUST-E0029,ACC-E0029A,2024-03-21,230.79,USD,Restaurante El Fogon"
1875,CLEAN,exact_duplicate,"TX-000818,CUST-E0005,ACC-E0005A,2024-02-05,193.64,EUR,Spotify"
1886,CLEAN,amount_exceeds_cap,"TX-004038,  CUST-E0035 ,ACC-E0035B,09/03/2024,$9,999,999.99,Euros,Netflix,suscripcion mensual netflix,"
1888,CLEAN,duplicate_business_key,"TX-004254,CUST-E0012,ACC-E0012A,2024-02-26,81.54,USD,Restaurante El Fogon"
1898,CLEAN,missing_critical:amount,"TX-000275,CUST-E0022,ACC-E0022A,2024-02-24,,Dólares,  Estacion Gasolina Sol ,gasolina,transporte"
1903,EXTRACT,wrong_column_count,"TX-002087,CUST-E0007"
1906,EXTRACT,wrong_column_count,"TX-001136,CUST-E0010,ACC-E0010A,20/01/2024,37.97,usd,Uber,viaje uber,transporte,extra,columnas"
1916,CLEAN,negative_amount,"TX-003683,CUST-E0010,ACC-E0010A,Mar 29, 2024,-58.87,Usd,  Spotify ,suscripcion spotify,suscripciones"
1919,CLEAN,duplicate_business_key,"TX-003752,CUST-E0024,ACC-E0024A,2024-03-20,277.42,USD,Netflix"
1942,CLEAN,negative_amount,"TX-004034,CUST-E0008,  ACC-E0008A ,2024-03-02,-66.18,Usd,Uber,viaje uber,"
1947,CLEAN,missing_critical:amount,"TX-000199,CUST-E0029,ACC-E0029A,2024-01-10,,Usd,Netflix,suscripcion mensual netflix,suscripciones"
1966,CLEAN,amount_exceeds_cap,"TX-000557,CUST-E0035,ACC-E0035A,Jan 18, 2024,$9,999,999.99,EUR,Netflix,suscripcion mensual netflix,suscripciones"
1973,CLEAN,amount_exceeds_cap,"TX-002818,CUST-E0025,ACC-E0025B,09/02/2024,5,000,000.00, usd ,Internet Hogar,factura internet,servicios"
1981,CLEAN,missing_critical:date,"TX-001061,cust-e0026,ACC-E0026A,,84.25,Dólares,Spotify,suscripcion spotify,suscripciones"
1983,CLEAN,duplicate_business_key,"TX-003402,CUST-E0034,ACC-E0034A,2024-01-27,281.21,USD,Estacion Gasolina Sol"
1984,CLEAN,negative_amount,"TX-000115,CUST-E0008,  ACC-E0008A ,Jan 06, 2024,-85.61,USD,Farmacia Salud,medicinas,salud"
1990,CLEAN,exact_duplicate,"TX-001574,CUST-E0024,ACC-E0024A,2024-03-15,221.28,USD,Spotify"
1992,CLEAN,duplicate_business_key,"TX-004226,CUST-E0036,ACC-E0036A,2024-03-23,51.22,USD,Tienda Online XYZ"
1997,CLEAN,missing_critical:customer_id,"TX-004109,,ACC-E0030B,2024-03-24,15.88,Usd,Uber,viaje uber,transporte"
2019,CLEAN,negative_amount,"TX-001780,CUST-E0003,  ACC-E0003A ,2024-02-08,-6.65,usd,Supermercado Central,compra semanal supermercado,alimentacion"
2025,CLEAN,exact_duplicate,"TX-003232,CUST-E0006,ACC-E0006A,2024-01-02,185.34,USD,Netflix"
2036,CLEAN,missing_critical:amount,"TX-003145,CUST-E0026,ACC-E0026A,Feb 28, 2024,,Dólares,Farmacia Salud,,"
2037,CLEAN,negative_amount,"TX-004269,CUST-E0031,ACC-E0031A,2024-01-01,-84.22,usd,Inmobiliaria Norte,renta apartamento,vivienda"
2039,CLEAN,duplicate_business_key,"TX-002959,CUST-E0013,ACC-E0013A,2024-03-19,83.85,USD,Farmacia Salud"
2047,CLEAN,exact_duplicate,"TX-000615,CUST-E0033,ACC-E0033A,2024-02-05,70.07,COP,Restaurante El Fogon"
2050,CLEAN,negative_amount,"TX-000902,CUST-E0016,ACC-E0016A,Mar 11, 2024,-29.38,USD,,suscripcion mensual netflix,"
2056,CLEAN,missing_critical:date,"TX-000413,CUST-E0028,ACC-E0028A,N/A,$35.77,usd,SUPERMERCADO CENTRAL,compra semanal supermercado,alimentacion"
2069,CLEAN,amount_exceeds_cap,"TX-003531,  CUST-E0040 ,  ACC-E0040B ,2024-01-22,5,000,000.00, usd ,SUPERMERCADO CENTRAL,compra semanal supermercado,alimentacion"
2078,CLEAN,exact_duplicate,"TX-000837,CUST-E0024,ACC-E0024A,2024-03-22,376.31,USD,Internet Hogar"
2085,CLEAN,missing_critical:amount,"TX-003375,cust-e0008,ACC-E0008A,2024-02-01,,USD,Tienda Online XYZ,compra online,"
2098,CLEAN,missing_critical:customer_id,"TX-002816,,ACC-E0004A,Feb 28, 2024,32.98, usd ,Tienda Online XYZ,compra online,compras"
2115,CLEAN,exact_duplicate,"TX-000431,CUST-E0019,ACC-E0019A,2024-02-08,37.06,COP,Uber"
2122,CLEAN,duplicate_business_key,"TX-002943,CUST-E0039,ACC-E0039A,2024-03-20,39.21,USD,Tienda Online XYZ"
2131,CLEAN,missing_critical:customer_id,"TX-002370,,  ACC-E0031A ,Feb 02, 2024,143.84,usd,farmacia salud,medicinas,salud"
2135,CLEAN,negative_amount,"TX-003309,CUST-E0011,ACC-E0011A,2024-01-27,-14.61,Usd,Spotify,suscripcion spotify,suscripciones"
2141,CLEAN,missing_critical:customer_id,"TX-000061,,ACC-E0004A,2024-02-28,$48.85,Dólares,Supermercado Central,compra semanal supermercado,alimentacion"
2147,CLEAN,invalid_amount,"TX-001521,CUST-E0025,ACC-E0025A,2024-01-11,abc,Dólares,Restaurante El Fogon,,alimentacion"
2151,CLEAN,missing_critical:customer_id,"TX-004020,,ACC-E0023A,25/02/2024,130.98,USD,Internet Hogar,factura internet,"
2154,CLEAN,unknown_currency,"TX-000271,CUST-E0035,ACC-E0035A,23/01/2024,$234.88,bitcoins,INTERNET HOGAR,factura internet,servicios"
2162,EXTRACT,wrong_column_count,"TX-000560,CUST-E0013,ACC-E0013A,26/01/2024,$45.29,Usd,  Farmacia Salud ,medicinas,,extra,columnas"
2166,CLEAN,duplicate_business_key,"TX-001352,CUST-E0004,ACC-E0004A,2024-02-25,13.04,USD,Tienda Online XYZ"
2172,CLEAN,exact_duplicate,"TX-003237,CUST-E0013,ACC-E0013A,2024-01-21,53.58,USD,Estacion Gasolina Sol"
2181,CLEAN,invalid_amount,"TX-002358,CUST-E0002,ACC-E0002A,2024-01-07,12..5,USD,Netflix,suscripcion mensual netflix,"
2186,CLEAN,negative_amount,"TX-001076,CUST-E0031,ACC-E0031A,2024-01-01,-84.22,usd,Inmobiliaria Norte,renta apartamento,vivienda"
2197,CLEAN,exact_duplicate,"TX-000321,CUST-E0034,ACC-E0034A,2024-01-26,6859.94,USD,Empresa de Luz"
2218,CLEAN,amount_exceeds_cap,"TX-002970,CUST-E0024,ACC-E0024A,2024-01-12,5,000,000.00,US$,netflix,suscripcion mensual netflix,"
2228,CLEAN,invalid_amount,"TX-002848,cust-e0025,ACC-E0025A,2024-02-16,12..5,usd,restaurante el fogon,almuerzo restaurante,"
2232,CLEAN,missing_critical:customer_id,"TX-001883,,ACC-E0005A,Mar 01, 2024,4286.88,EUR,Spotify,,suscripciones"
2233,EXTRACT,wrong_column_count,"TX-001208,CUST-E0022,ACC-E0022A,2024-01-18,56.61,Dólares,Supermercado Central,compra semanal supermercado,alimentacion,extra,columnas"
2236,CLEAN,exact_duplicate,"TX-000865,CUST-E0039,ACC-E0039A,2024-03-08,92.87,USD,Restaurante El Fogon"
2242,CLEAN,missing_critical:amount,"TX-003358,CUST-E0019,ACC-E0019A,01/03/2024,,??,Internet Hogar,factura internet,servicios"
2261,CLEAN,amount_exceeds_cap,"TX-003476,CUST-E0040,ACC-E0040B,Jan 06, 2024,5,000,000.00,usd,Inmobiliaria Norte,renta apartamento,"
2265,CLEAN,invalid_amount,"TX-003868,cust-e0008,ACC-E0008A,Mar 13, 2024,1,2,3.4,US$,  Inmobiliaria Norte ,renta apartamento,vivienda"
2267,CLEAN,exact_duplicate,"TX-001737,CUST-E0024,ACC-E0024A,2024-02-28,147.54,USD,DESCONOCIDO"
2273,CLEAN,invalid_date,"TX-001492,CUST-E0035,ACC-E0035A,31/02/2024,416.75,eur,Tienda Online XYZ,compra online,compras"
2286,CLEAN,exact_duplicate,"TX-000103,CUST-E0019,ACC-E0019A,2024-02-05,26.34,COP,Farmacia Salud"
2294,CLEAN,exact_duplicate,"TX-000964,CUST-E0004,ACC-E0004A,2024-02-24,37.43,USD,Supermercado Central"
2301,CLEAN,invalid_date,"TX-003592,CUST-E0007,ACC-E0007A,31/02/2024,$40.95,Dólares,Estacion Gasolina Sol,gasolina,transporte"
2310,EXTRACT,wrong_column_count,"TX-003923,CUST-E0011,ACC-E0011A,2024-02-21,$19.97,US$"
2316,CLEAN,missing_critical:date,"TX-003151,CUST-E0026,ACC-E0026A,,$61.93,usd,  Empresa de Luz ,factura luz,"
2339,CLEAN,duplicate_business_key,"TX-001611,CUST-E0029,ACC-E0029A,2024-01-25,150.85,USD,Netflix"
2369,CLEAN,missing_critical:date,"TX-001173,  CUST-E0028 ,ACC-E0028A,,1,439.97, usd ,Estacion Gasolina Sol,gasolina,transporte"
2377,CLEAN,exact_duplicate,"TX-000844,CUST-E0007,ACC-E0007A,2024-01-18,51.88,USD,Estacion Gasolina Sol"
2398,CLEAN,negative_amount,"TX-001360,CUST-E0024,ACC-E0024A,2024-02-08,-238.68,USD,Estacion Gasolina Sol,gasolina,transporte"
2400,CLEAN,missing_critical:amount,"TX-000566,  CUST-E0019 ,  ACC-E0019A ,Jan 14, 2024,,COP,Inmobiliaria Norte,renta apartamento,vivienda"
2407,CLEAN,duplicate_business_key,"TX-003788,CUST-E0017,ACC-E0017A,2024-02-19,398.62,USD,Uber"
2411,CLEAN,duplicate_business_key,"TX-003571,CUST-E0014,ACC-E0014A,2024-01-10,63.50,USD,Farmacia Salud"
2416,CLEAN,exact_duplicate,"TX-001581,CUST-E0011,ACC-E0011A,2024-02-12,61.49,USD,Inmobiliaria Norte"
2427,CLEAN,duplicate_business_key,"TX-004216,CUST-E0038,ACC-E0038A,2024-03-19,22.70,USD,Estacion Gasolina Sol"
2437,CLEAN,missing_critical:date,"TX-003853,CUST-E0026,ACC-E0026A,,175.55,,Internet Hogar,factura internet,servicios"
2440,CLEAN,duplicate_business_key,"TX-004206,CUST-E0022,ACC-E0022A,2024-02-22,92.29,USD,Netflix"
2442,CLEAN,exact_duplicate,"TX-002265,CUST-E0031,ACC-E0031A,2024-03-27,98.28,USD,Farmacia Salud"
2454,CLEAN,missing_critical:amount,"TX-000782,CUST-E0039,acc-e0039a,Feb 21, 2024,, usd ,Uber,viaje uber,transporte"
2457,CLEAN,amount_exceeds_cap,"TX-000787,CUST-E0005,ACC-E0005B,2024-03-20,$9,999,999.99,Euros,N/A,compra online,compras"
2462,EXTRACT,wrong_column_count,"TX-000031,CUST-E0017,ACC-E0017A,2024-01-08,66.99"
2463,CLEAN,duplicate_business_key,"TX-004201,CUST-E0033,ACC-E0033A,2024-03-04,20.00,COP,DESCONOCIDO"
2484,CLEAN,duplicate_business_key,"TX-004255,CUST-E0005,ACC-E0005B,2024-03-02,113.00,EUR,Netflix"
2497,EXTRACT,wrong_column_count,"TX-001434,CUST-E0037,ACC-E0037A,25/03/2024,136.54,US$,,suscripcion mensual netflix,,extra,columnas"
2519,CLEAN,duplicate_business_key,"TX-000166,CUST-E0032,ACC-E0032A,2024-03-30,239.12,USD,Internet Hogar"
2520,CLEAN,exact_duplicate,"TX-000079,CUST-E0026,ACC-E0026A,2024-01-28,72.12,USD,Farmacia Salud"
2521,CLEAN,negative_amount,"TX-002341,CUST-E0024,  ACC-E0024A ,2024-03-13,-243.30,US$,Empresa de Luz,factura luz,servicios"
2528,CLEAN,missing_critical:customer_id,"TX-002942,,ACC-E0015B,Mar 02, 2024,28.65,COP,estacion gasolina sol,gasolina,"
2531,CLEAN,negative_amount,"TX-003567,CUST-E0035,ACC-E0035A,2024-02-14,-93.34,eur,Restaurante El Fogon,almuerzo restaurante,alimentacion"
2533,CLEAN,missing_critical:customer_id,"TX-001733,,ACC-E0022A,Jan 29, 2024,144.09,Usd,Internet Hogar,,"
2544,CLEAN,exact_duplicate,"TX-002698,CUST-E0014,ACC-E0014A,2024-03-10,17.53,USD,Netflix"
2555,EXTRACT,wrong_column_count,"TX-001337,CUST-E0021,ACC-E0021A,2024-01-18,$13.88,Usd,Restaurante El Fogon,almuerzo restaurante,alimentacion,extra,columnas"
2558,CLEAN,exact_duplicate,"TX-002925,CUST-E0017,ACC-E0017A,2024-03-12,193.32,USD,Estacion Gasolina Sol"
2569,CLEAN,negative_amount,"TX-004189,CUST-E0030,  ACC-E0030B ,2024-02-20,-22.57,Usd,Supermercado Central,compra semanal supermercado,alimentacion"
2600,CLEAN,duplicate_business_key,"TX-004239,CUST-E0025,ACC-E0025B,2024-01-27,30.75,USD,Empresa de Luz"
2601,CLEAN,duplicate_business_key,"TX-001207,CUST-E0002,ACC-E0002A,2024-02-05,16.56,USD,Farmacia Salud"
2605,CLEAN,exact_duplicate,"TX-002817,CUST-E0005,ACC-E0005A,2024-03-18,1006.76,EUR,Farmacia Salud"
2617,CLEAN,duplicate_business_key,"TX-004207,CUST-E0013,ACC-E0013A,2024-01-08,48.77,USD,DESCONOCIDO"
2639,CLEAN,missing_critical:customer_id,"TX-001439,,ACC-E0020A,Mar 16, 2024,$70.53,,Inmobiliaria Norte,renta apartamento,"
2667,CLEAN,missing_critical:customer_id,"TX-002773,,ACC-E0035B,2024-01-07,$90.41,EUR,Internet Hogar,factura internet,servicios"
2682,CLEAN,missing_critical:date,"TX-001869,CUST-E0039,ACC-E0039A,N/A,-1055.83,USD,Internet Hogar,factura internet,servicios"
2694,CLEAN,duplicate_business_key,"TX-002585,CUST-E0006,ACC-E0006A,2024-02-17,176.75,USD,Spotify"
2696,CLEAN,duplicate_business_key,"TX-003742,CUST-E0013,ACC-E0013A,2024-01-14,9.56,USD,Netflix"
2700,CLEAN,exact_duplicate,"TX-000075,CUST-E0018,ACC-E0018A,2024-02-03,261.63,USD,Internet Hogar"
2706,CLEAN,exact_duplicate,"TX-003269,CUST-E0031,ACC-E0031A,2024-03-28,145.70,USD,Estacion Gasolina Sol"
2719,CLEAN,missing_critical:customer_id,"TX-001321,,ACC-E0006A,21/01/2024,$125.10,US$,Farmacia Salud,medicinas,salud"
2725,CLEAN,negative_amount,"TX-003903,CUST-E0040,ACC-E0040A,Mar 02, 2024,-42.72,Dólares,Inmobiliaria Norte,renta apartamento,vivienda"
2726,CLEAN,duplicate_business_key,"TX-004202,CUST-E0015,ACC-E0015A,2024-03-01,31.51,COP,Inmobiliaria Norte"
2771,CLEAN,missing_critical:customer_id,"TX-000793,,ACC-E0019A,Jan 18, 2024,33.36,cop,Supermercado Central,compra semanal supermercado,alimentacion"
2790,CLEAN,duplicate_business_key,"TX-002672,CUST-E0017,ACC-E0017A,2024-03-28,298.93,USD,Supermercado Central"
2794,CLEAN,duplicate_business_key,"TX-004214,CUST-E0004,ACC-E0004A,2024-02-17,19.01,USD,Empresa de Luz"
2800,CLEAN,missing_critical:date,"TX-000499,CUST-E0037,ACC-E0037A,,$93.68,Usd,Internet Hogar,,servicios"
2801,CLEAN,exact_duplicate,"TX-000711,CUST-E0024,ACC-E0024A,2024-02-07,184.43,USD,Inmobiliaria Norte"
2807,CLEAN,amount_exceeds_cap,"TX-002685,  CUST-E0016 ,ACC-E0016A,03/01/2024,$9,999,999.99,USD,Uber,viaje uber,transporte"
2816,CLEAN,exact_duplicate,"TX-000157,CUST-E0028,ACC-E0028A,2024-02-27,418.24,USD,Estacion Gasolina Sol"
2820,CLEAN,exact_duplicate,"TX-003210,CUST-E0002,ACC-E0002A,2024-01-01,14.45,USD,Uber"
2822,CLEAN,missing_critical:amount,"TX-003431,cust-e0028,ACC-E0028A,Feb 24, 2024,,Dólares,Empresa de Luz,factura luz,servicios"
2823,CLEAN,missing_critical:customer_id,"TX-001030,,ACC-E0008A,2024-02-05,92.52,US$,Supermercado Central,compra semanal supermercado,alimentacion"
2834,CLEAN,invalid_date,"TX-003816,CUST-E0031,  ACC-E0031A ,15-01-24,30.76,,Restaurante El Fogon,almuerzo restaurante,alimentacion"
2837,CLEAN,missing_critical:customer_id,"TX-001276,,ACC-E0004A,28/02/2024,21.66,USD,  Inmobiliaria Norte ,renta apartamento,vivienda"
2838,CLEAN,missing_critical:date,"TX-000127,CUST-E0015,acc-e0015a,N/A,43.09,Pesos,Spotify,suscripcion spotify,"
2839,CLEAN,missing_critical:amount,"TX-000281,CUST-E0036,ACC-E0036A,2024-02-04,,usd,Netflix,suscripcion mensual netflix,suscripciones"
2842,CLEAN,negative_amount,"TX-003162,CUST-E0012,ACC-E0012A,2024-02-27,-114.40,usd,Spotify,suscripcion spotify,"
2850,CLEAN,invalid_date,"TX-000125,CUST-E0017,ACC-E0017A,2024-13-45,266.61,Usd,netflix,suscripcion mensual netflix,suscripciones"
2873,EXTRACT,wrong_column_count,"TX-001495,CUST-E0014,ACC-E0014A"
2876,CLEAN,missing_critical:amount,"TX-003191,CUST-E0007,ACC-E0007A,2024-02-03,, usd ,Uber,viaje uber,transporte"
2882,CLEAN,duplicate_business_key,"TX-004221,CUST-E0026,ACC-E0026A,2024-01-07,66.61,USD,Supermercado Central"
2887,CLEAN,negative_amount,"TX-000940,CUST-E0037,ACC-E0037A,2024-01-18,-37.71,US$,Restaurante El Fogon,almuerzo restaurante,alimentacion"
2888,CLEAN,exact_duplicate,"TX-001100,CUST-E0021,ACC-E0021A,2024-03-06,18.16,USD,Empresa De Luz"
2904,CLEAN,unknown_currency,"TX-003099,CUST-E0002,  ACC-E0002A ,02/03/2024,9.92,bitcoins,Netflix,suscripcion mensual netflix,suscripciones"
2914,CLEAN,duplicate_business_key,"TX-001991,CUST-E0024,ACC-E0024A,2024-01-21,194.44,USD,Tienda Online XYZ"
2933,CLEAN,exact_duplicate,"TX-000430,CUST-E0031,ACC-E0031A,2024-02-12,62.62,USD,Restaurante El Fogon"
2935,CLEAN,negative_amount,"TX-004011,CUST-E0027,ACC-E0027A,26/02/2024,-17.99,cop,Tienda Online XYZ,compra online,compras"
2947,CLEAN,missing_critical:date,"TX-000236,CUST-E0018,acc-e0018a,,3379.70, usd ,Estacion Gasolina Sol,gasolina,transporte"
2948,CLEAN,duplicate_business_key,"TX-004234,CUST-E0016,ACC-E0016A,2024-03-13,167.86,USD,DESCONOCIDO"
2953,CLEAN,negative_amount,"TX-000302,CUST-E0026,ACC-E0026A,2024-03-20,-159.59,Usd,Restaurante El Fogon,almuerzo restaurante,alimentacion"
2967,CLEAN,negative_amount,"TX-003872,CUST-E0001,ACC-E0001A,13/02/2024,-219.09,Usd,Estacion Gasolina Sol,gasolina,"
2973,CLEAN,invalid_amount,"TX-001175,  CUST-E0010 ,ACC-E0010B,Mar 16, 2024,abc,Usd,Spotify,,suscripciones"
2976,CLEAN,missing_critical:date,"TX-003324,CUST-E0011,ACC-E0011A,,43.53,usd,Restaurante El Fogon,almuerzo restaurante,alimentacion"
2987,CLEAN,invalid_amount,"TX-003838,CUST-E0028,ACC-E0028A,22/03/2024,USD,USD,empresa de luz,factura luz,servicios"
3005,CLEAN,duplicate_business_key,"TX-003061,CUST-E0020,ACC-E0020A,2024-01-21,102.22,USD,Supermercado Central"
3008,CLEAN,duplicate_business_key,"TX-003356,CUST-E0007,ACC-E0007A,2024-03-26,55.26,USD,Netflix"
3015,EXTRACT,wrong_column_count,"TX-004013,CUST-E0010,ACC-E0010A,2024-01-14,$16.98, usd "
3018,CLEAN,exact_duplicate,"TX-002263,CUST-E0001,ACC-E0001A,2024-03-19,943.96,USD,Supermercado Central"
3027,CLEAN,exact_duplicate,"TX-000599,CUST-E0001,ACC-E0001A,2024-03-17,69.05,USD,Inmobiliaria Norte"
3029,CLEAN,missing_critical:amount,"TX-002500,CUST-E0020,ACC-E0020B,07/01/2024,,usd,Inmobiliaria Norte,renta apartamento,"
3038,CLEAN,exact_duplicate,"TX-000726,CUST-E0029,ACC-E0029A,2024-03-24,48.98,USD,Supermercado Central"
3060,CLEAN,duplicate_business_key,"TX-003449,CUST-E0015,ACC-E0015A,2024-01-10,59.00,COP,Spotify"
3061,CLEAN,amount_exceeds_cap,"TX-001792,CUST-E0025,ACC-E0025A,31/01/2024,5,000,000.00,Usd,,compra online,compras"
3069,CLEAN,missing_critical:customer_id,"TX-001003,,ACC-E0012A,18/02/2024,$28.89,US$,Tienda Online XYZ,compra online,compras"
3081,CLEAN,invalid_date,"TX-003394,CUST-E0025,ACC-E0025A,31/02/2024,$23.37, usd ,Inmobiliaria Norte,renta apartamento,vivienda"
3120,CLEAN,invalid_amount,"TX-001607,CUST-E0020,ACC-E0020A,15/03/2024,12..5,US$,Uber,viaje uber,transporte"
3136,CLEAN,amount_exceeds_cap,"TX-003726,CUST-E0030,ACC-E0030A,2024-03-17,8000000,USD,Restaurante El Fogon,almuerzo restaurante,alimentacion"
3137,CLEAN,exact_duplicate,"TX-002453,CUST-E0014,ACC-E0014A,2024-02-26,39.83,USD,Spotify"
3150,CLEAN,duplicate_business_key,"TX-001623,CUST-E0004,ACC-E0004A,2024-01-14,26.06,USD,Spotify"
3160,CLEAN,exact_duplicate,"TX-001389,CUST-E0015,ACC-E0015A,2024-02-12,30.01,COP,Internet Hogar"
3161,CLEAN,missing_critical:date,"TX-000766,cust-e0031,ACC-E0031A,,$136.06,usd,Supermercado Central,compra semanal supermercado,alimentacion"
3172,CLEAN,missing_critical:date,"TX-001000,CUST-E0029,ACC-E0029A,,$84.89,US$,,compra semanal supermercado,alimentacion"
3175,CLEAN,missing_critical:amount,"TX-002726,cust-e0012,ACC-E0012A,2024-02-14,, usd ,Internet Hogar,factura internet,servicios"
3183,CLEAN,invalid_date,"TX-004188,CUST-E0033,acc-e0033a,2024-13-45,$8.39,Pesos,farmacia salud,medicinas,salud"
3209,CLEAN,duplicate_business_key,"TX-004250,CUST-E0005,ACC-E0005A,2024-01-23,49.81,EUR,Restaurante El Fogon"
3212,CLEAN,exact_duplicate,"TX-003387,CUST-E0004,ACC-E0004A,2024-03-09,15.92,USD,Uber"
3214,CLEAN,exact_duplicate,"TX-002647,CUST-E0031,ACC-E0031A,2024-01-02,61.64,USD,Restaurante El Fogon"
3218,CLEAN,negative_amount,"TX-002674,CUST-E0029,ACC-E0029A,08/02/2024,-153.63,usd,SPOTIFY,suscripcion spotify,suscripciones"
3239,CLEAN,duplicate_business_key,"TX-004257,CUST-E0033,ACC-E0033A,2024-01-13,59.24,COP,Estacion Gasolina Sol"
3248,CLEAN,duplicate_business_key,"TX-004167,CUST-E0012,ACC-E0012A,2024-02-11,74.82,USD,Farmacia Salud"
3255,CLEAN,amount_exceeds_cap,"TX-003211,CUST-E0023,ACC-E0023A,06/02/2024,8000000,Dólares,Farmacia Salud,medicinas,salud"
3263,CLEAN,duplicate_business_key,"TX-000477,CUST-E0008,ACC-E0008A,2024-01-27,199.29,USD,Farmacia Salud"
3284,CLEAN,missing_critical:customer_id,"TX-001144,,  ACC-E0034A ,2024-02-07,150.13,usd,Spotify,suscripcion spotify,suscripciones"
3289,CLEAN,missing_critical:customer_id,"TX-003949,,ACC-E0024A,Feb 25, 2024,71.70,USD,Tienda Online XYZ,,"
3293,CLEAN,duplicate_business_key,"TX-003588,CUST-E0006,ACC-E0006A,2024-01-05,236.39,USD,Farmacia Salud"
3294,EXTRACT,wrong_column_count,"TX-002690,CUST-E0038,ACC-E0038A,20/02/2024,$16.70,US$,Uber,viaje uber,transporte,extra,columnas"
3303,EXTRACT,wrong_column_count,"TX-002325,CUST-E0018,ACC-E0018A,Jan 07, 2024,$81.86,,Empresa de Luz,factura luz,,extra,columnas"
3310,EXTRACT,wrong_column_count,"TX-002199,cust-e0026,ACC-E0026A,19/01/2024,-112.60,Dólares"
3314,CLEAN,exact_duplicate,"TX-002052,CUST-E0013,ACC-E0013A,2024-02-21,80.85,USD,Internet Hogar"
3320,CLEAN,duplicate_business_key,"TX-001015,CUST-E0029,ACC-E0029A,2024-01-01,533.02,USD,Netflix"
3323,CLEAN,missing_critical:customer_id,"TX-003156,,ACC-E0015B,Feb 10, 2024,31.55,COP,UBER,viaje uber,transporte"
3331,CLEAN,duplicate_business_key,"TX-004258,CUST-E0016,ACC-E0016A,2024-01-19,74.28,USD,Spotify"
3338,CLEAN,amount_exceeds_cap,"TX-002703,CUST-E0002,ACC-E0002A,Mar 15, 2024,$9,999,999.99,US$,Internet Hogar,factura internet,servicios"
3350,CLEAN,duplicate_business_key,"TX-002740,CUST-E0039,ACC-E0039A,2024-03-22,60.32,USD,Internet Hogar"
3354,CLEAN,missing_critical:date,"TX-000751,CUST-E0040,  ACC-E0040A ,,$155.38,usd,Restaurante El Fogon,almuerzo restaurante,alimentacion"
3357,CLEAN,duplicate_business_key,"TX-003666,CUST-E0018,ACC-E0018A,2024-01-05,60.37,USD,Farmacia Salud"
3367,CLEAN,duplicate_business_key,"TX-004242,CUST-E0010,ACC-E0010A,2024-01-11,12.56,USD,Spotify"
3382,CLEAN,missing_critical:customer_id,"TX-002990,,ACC-E0028A,Jan 25, 2024,76.89,Dólares,  Internet Hogar ,factura internet,servicios"
3386,EXTRACT,wrong_column_count,"TX-003675,CUST-E0015,ACC-E0015B,Mar 26, 2024"
3395,CLEAN,duplicate_business_key,"TX-004277,CUST-E0017,ACC-E0017A,2024-01-04,124.13,USD,Netflix"
3403,CLEAN,missing_critical:amount,"TX-002700,CUST-E0005,ACC-E0005A,18/03/2024,,Euros,Restaurante El Fogon,almuerzo restaurante,alimentacion"
3408,CLEAN,missing_critical:customer_id,"TX-000845,,ACC-E0031A,05/03/2024,77.32,Usd,Estacion Gasolina Sol,gasolina,"
3423,CLEAN,missing_critical:amount,"TX-000833,CUST-E0028,ACC-E0028A,2024-03-22,,US$,Estacion Gasolina Sol,gasolina,transporte"
3427,CLEAN,exact_duplicate,"TX-004115,CUST-E0034,ACC-E0034A,2024-01-10,201.94,USD,Tienda Online XYZ"
3429,EXTRACT,wrong_column_count,"TX-003779,CUST-E0001,  ACC-E0001A ,2024-01-27,$119.93,Usd,Empresa de Luz,factura luz,servicios,extra,columnas"
3445,CLEAN,exact_duplicate,"TX-001560,CUST-E0012,ACC-E0012A,2024-03-05,202.14,USD,Restaurante El Fogon"
3468,CLEAN,duplicate_business_key,"TX-004224,CUST-E0029,ACC-E0029A,2024-03-22,65.18,USD,Restaurante El Fogon"
3469,CLEAN,exact_duplicate,"TX-001168,CUST-E0014,ACC-E0014A,2024-03-26,104.41,USD,Spotify"
3474,EXTRACT,wrong_column_count,"TX-002717,CUST-E0023,ACC-E0023A,2024-02-13,192.35,US$,Uber,viaje uber,,extra,columnas"
3475,CLEAN,unknown_currency,"TX-002445,CUST-E0004,ACC-E0004A,25/01/2024,$28.39,XYZ,Restaurante El Fogon,almuerzo restaurante,alimentacion"
3485,CLEAN,exact_duplicate,"TX-001408,CUST-E0040,ACC-E0040B,2024-03-23,108.56,USD,Uber"
3506,CLEAN,negative_amount,"TX-000922,  CUST-E0009 ,ACC-E0009A,Feb 03, 2024,-23.81,Dólares,Inmobiliaria Norte,renta apartamento,vivienda"
3519,CLEAN,invalid_amount,"TX-002587,CUST-E0013,ACC-E0013A,2024-03-11,abc,usd,Netflix,suscripcion mensual netflix,suscripciones"
3523,CLEAN,invalid_amount,"TX-003039,CUST-E0022,ACC-E0022A,2024-02-05,12..5,US$,spotify,suscripcion spotify,"
3540,CLEAN,missing_critical:date,"TX-001086,CUST-E0040,ACC-E0040A,N/A,41.50,Usd,  Uber ,viaje uber,transporte"
3560,CLEAN,missing_critical:amount,"TX-003915,CUST-E0009,ACC-E0009A,2024-01-02,,US$,Uber,viaje uber,transporte"
3575,CLEAN,missing_critical:customer_id,"TX-000206,,ACC-E0021A,2024-03-04,23.20,Usd,RESTAURANTE EL FOGON,almuerzo restaurante,alimentacion"
3599,CLEAN,missing_critical:customer_id,"TX-002136,,ACC-E0038A,2024-03-07,43.93, usd ,Empresa de Luz,factura luz,servicios"
3601,CLEAN,invalid_amount,"TX-001428,CUST-E0006,ACC-E0006A,2024-03-22,USD,usd,,suscripcion spotify,suscripciones"
3605,EXTRACT,wrong_column_count,"TX-003429,CUST-E0025,ACC-E0025B"
3606,CLEAN,missing_critical:customer_id,"TX-003177,,ACC-E0001A,04/01/2024,$350.93,US$,Restaurante El Fogon,almuerzo restaurante,"
3615,CLEAN,exact_duplicate,"TX-002266,CUST-E0019,ACC-E0019A,2024-01-30,30.53,COP,Restaurante El Fogon"
3616,CLEAN,exact_duplicate,"TX-001527,CUST-E0016,ACC-E0016A,2024-02-20,86.49,USD,DESCONOCIDO"
3622,CLEAN,exact_duplicate,"TX-001263,CUST-E0017,ACC-E0017A,2024-03-08,130.92,USD,DESCONOCIDO"
3625,CLEAN,missing_critical:amount,"TX-000678,CUST-E0017,ACC-E0017A,12/02/2024,,usd,Tienda Online XYZ,compra online,"
3626,EXTRACT,wrong_column_count,"TX-001920,cust-e0034,  ACC-E0034A ,25/01/2024,233.62,Usd,Restaurante El Fogon,almuerzo restaurante,alimentacion,extra,columnas"
3627,CLEAN,missing_critical:amount,"TX-000443,CUST-E0038,ACC-E0038A,2024-02-29,, usd ,Internet Hogar,factura internet,servicios"
3635,CLEAN,negative_amount,"TX-001250,CUST-E0006,ACC-E0006A,Feb 02, 2024,-170.12,usd,supermercado central,compra semanal supermercado,alimentacion"
3637,CLEAN,duplicate_business_key,"TX-004244,CUST-E0033,ACC-E0033A,2024-02-08,56.30,COP,Estacion Gasolina Sol"
3651,CLEAN,exact_duplicate,"TX-001801,CUST-E0030,ACC-E0030A,2024-03-02,13.00,USD,Tienda Online Xyz"
3654,CLEAN,duplicate_business_key,"TX-004273,CUST-E0018,ACC-E0018A,2024-02-13,352.91,USD,Uber"
3668,CLEAN,exact_duplicate,"TX-003341,CUST-E0037,ACC-E0037A,2024-02-16,332.07,USD,Uber"
3682,EXTRACT,wrong_column_count,"TX-003127,CUST-E0009,ACC-E0009A,23/02/2024,41.21,USD,estacion gasolina sol,gasolina,transporte,extra,columnas"
3684,CLEAN,duplicate_business_key,"TX-003499,CUST-E0005,ACC-E0005B,2024-01-12,153.35,EUR,Uber"
3697,CLEAN,exact_duplicate,"TX-002032,CUST-E0030,ACC-E0030B,2024-01-04,12.56,USD,Spotify"
3701,CLEAN,duplicate_business_key,"TX-003813,CUST-E0033,ACC-E0033A,2024-02-28,54.38,COP,Estacion Gasolina Sol"
3704,CLEAN,missing_critical:date,"TX-001233,CUST-E0040,ACC-E0040B,,90.03,Dólares,SPOTIFY,suscripcion spotify,suscripciones"
3716,CLEAN,negative_amount,"TX-000847,CUST-E0004,acc-e0004a,03/01/2024,-47.66, usd ,supermercado central,compra semanal supermercado,alimentacion"
3717,CLEAN,negative_amount,"TX-001410,CUST-E0006,ACC-E0006A,Feb 28, 2024,-174.79,Usd,Netflix,suscripcion mensual netflix,"
3720,CLEAN,missing_critical:customer_id,"TX-002754,,ACC-E0036A,2024-03-21,30.57,Dólares,Empresa de Luz,factura luz,servicios"
3729,CLEAN,duplicate_business_key,"TX-004247,CUST-E0020,ACC-E0020A,2024-03-24,455.88,USD,Uber"
3731,CLEAN,exact_duplicate,"TX-003605,CUST-E0036,ACC-E0036A,2024-01-25,75.04,USD,Internet Hogar"
3732,CLEAN,negative_amount,"TX-001429,CUST-E0032,ACC-E0032A,Mar 27, 2024,-132.95, usd ,Farmacia Salud,medicinas,salud"
3733,CLEAN,duplicate_business_key,"TX-003564,CUST-E0038,ACC-E0038A,2024-01-25,17.25,USD,Supermercado Central"
3737,CLEAN,negative_amount,"TX-002296,CUST-E0034,ACC-E0034A,2024-03-28,-112.55,Usd,Estacion Gasolina Sol,gasolina,transporte"
3742,EXTRACT,wrong_column_count,"TX-000910,  CUST-E0026 ,ACC-E0026A,Mar 04, 2024"
3761,CLEAN,duplicate_business_key,"TX-003412,CUST-E0011,ACC-E0011A,2024-03-24,24.15,USD,Empresa de Luz"
3764,CLEAN,duplicate_business_key,"TX-004279,CUST-E0021,ACC-E0021A,2024-02-27,25.55,USD,Uber"
3772,CLEAN,duplicate_business_key,"TX-004204,CUST-E0025,ACC-E0025B,2024-03-11,20.86,USD,Empresa de Luz"
3775,CLEAN,exact_duplicate,"TX-001894,CUST-E0002,ACC-E0002A,2024-02-28,63.89,USD,Internet Hogar"
3781,CLEAN,missing_critical:customer_id,"TX-003284,,ACC-E0025B,18/01/2024,39.16, usd ,,factura internet,"
3788,CLEAN,duplicate_business_key,"TX-004211,CUST-E0011,ACC-E0011A,2024-03-03,445.23,USD,Supermercado Central"
3797,CLEAN,negative_amount,"TX-003685,CUST-E0022,acc-e0022a,2024-01-20,-183.16, usd ,Tienda Online XYZ,,compras"
3798,CLEAN,missing_critical:amount,"TX-001531,CUST-E0025,ACC-E0025B,04/03/2024,,US$,Spotify,suscripcion spotify,"
3819,CLEAN,exact_duplicate,"TX-001650,CUST-E0018,ACC-E0018A,2024-03-11,235.51,USD,Inmobiliaria Norte"
3822,CLEAN,duplicate_business_key,"TX-001550,CUST-E0009,ACC-E0009A,2024-02-09,36.72,USD,Estacion Gasolina Sol"
3827,CLEAN,missing_critical:amount,"TX-000932,  CUST-E0035 ,ACC-E0035A,2024-03-09,,Euros,estacion gasolina sol,gasolina,transporte"
3832,CLEAN,duplicate_business_key,"TX-004089,CUST-E0038,ACC-E0038A,2024-03-12,13.26,USD,Netflix"
3835,CLEAN,duplicate_business_key,"TX-004210,CUST-E0037,ACC-E0037A,2024-01-18,92.73,USD,Uber"
3840,CLEAN,exact_duplicate,"TX-002344,CUST-E0010,ACC-E0010B,2024-03-05,33.83,USD,DESCONOCIDO"
3846,EXTRACT,wrong_column_count,"TX-000665,CUST-E0040,ACC-E0040A,23/02/2024,8000000,usd"
3863,CLEAN,duplicate_business_key,"TX-004278,CUST-E0009,ACC-E0009A,2024-03-04,14.19,USD,Inmobiliaria Norte"
3864,CLEAN,negative_amount,"TX-003252,CUST-E0011,ACC-E0011A,24/03/2024,-40.84,Usd,  Restaurante El Fogon ,almuerzo restaurante,alimentacion"
3870,CLEAN,exact_duplicate,"TX-002332,CUST-E0018,ACC-E0018A,2024-01-27,85.61,USD,Uber"
3877,CLEAN,missing_critical:customer_id,"TX-002004,,ACC-E0012A,Feb 06, 2024,275.28,Usd,Estacion Gasolina Sol,gasolina,transporte"
3878,CLEAN,invalid_date,"TX-000274,CUST-E0017,ACC-E0017A,15-01-24,175.49,US$,Estacion Gasolina Sol,gasolina,transporte"
3886,CLEAN,exact_duplicate,"TX-003700,CUST-E0020,ACC-E0020A,2024-03-27,114.61,USD,Tienda Online XYZ"
3899,CLEAN,duplicate_business_key,"TX-000452,CUST-E0038,ACC-E0038A,2024-02-01,6.53,USD,Uber"
3905,CLEAN,negative_amount,"TX-000947,cust-e0039,ACC-E0039A,02/01/2024,-21.68,USD,Inmobiliaria Norte,renta apartamento,"
3911,CLEAN,missing_critical:amount,"TX-003881,CUST-E0012,ACC-E0012A,2024-02-05,,Usd,SPOTIFY,suscripcion spotify,suscripciones"
3914,CLEAN,duplicate_business_key,"TX-001648,CUST-E0027,ACC-E0027A,2024-02-16,128.72,COP,Estacion Gasolina Sol"
3926,CLEAN,duplicate_business_key,"TX-001992,CUST-E0032,ACC-E0032A,2024-01-21,73.96,USD,Supermercado Central"
3928,CLEAN,exact_duplicate,"TX-000187,CUST-E0036,ACC-E0036A,2024-03-27,95.61,USD,Supermercado Central"
3929,CLEAN,duplicate_business_key,"TX-004271,CUST-E0039,ACC-E0039A,2024-01-11,50.69,USD,Supermercado Central"
3934,EXTRACT,wrong_column_count,"TX-004105,CUST-E0024,acc-e0024a,Mar 20, 2024,89.16,,Uber,viaje uber,transporte,extra,columnas"
3949,CLEAN,exact_duplicate,"TX-004102,CUST-E0021,ACC-E0021A,2024-03-09,37.11,USD,Restaurante El Fogon"
3967,CLEAN,exact_duplicate,"TX-001762,CUST-E0006,ACC-E0006A,2024-03-01,79.94,USD,Netflix"
3971,CLEAN,exact_duplicate,"TX-002315,CUST-E0014,ACC-E0014A,2024-03-20,61.15,USD,Empresa de Luz"
3991,CLEAN,missing_critical:customer_id,"TX-001971,,ACC-E0008A,19/03/2024,$61.40,usd,  Netflix ,suscripcion mensual netflix,"
4001,CLEAN,exact_duplicate,"TX-001361,CUST-E0004,ACC-E0004A,2024-02-27,149.64,USD,Farmacia Salud"
4006,CLEAN,missing_critical:date,"TX-001000,CUST-E0029,ACC-E0029A,,$84.89,US$,,compra semanal supermercado,alimentacion"
4010,CLEAN,missing_critical:amount,"TX-003576,CUST-E0034,  ACC-E0034A ,2024-02-21,, usd ,Inmobiliaria Norte,renta apartamento,vivienda"
4017,CLEAN,duplicate_business_key,"TX-002138,CUST-E0027,ACC-E0027A,2024-03-22,24.25,COP,Estacion Gasolina Sol"
4027,CLEAN,duplicate_business_key,"TX-004237,CUST-E0017,ACC-E0017A,2024-01-06,141.42,USD,Supermercado Central"
4030,CLEAN,missing_critical:customer_id,"TX-000228,,ACC-E0010A,2024-02-26,13.94, usd ,Empresa de Luz,factura luz,servicios"
4040,CLEAN,exact_duplicate,"TX-003385,CUST-E0001,ACC-E0001A,2024-01-18,64.66,USD,Netflix"
4041,CLEAN,invalid_date,"TX-001867,CUST-E0036,ACC-E0036A,31/02/2024,33.45,Dólares,Netflix,suscripcion mensual netflix,"
4042,CLEAN,missing_critical:date,"TX-001924,CUST-E0018,ACC-E0018A,,130.12,Dólares,Empresa de Luz,factura luz,servicios"
4049,EXTRACT,wrong_column_count,"TX-002186,CUST-E0029,ACC-E0029A,26/03/2024,289.81,usd,  Inmobiliaria Norte ,renta apartamento,vivienda,extra,columnas"
4052,CLEAN,exact_duplicate,"TX-003173,CUST-E0038,ACC-E0038A,2024-03-27,69.99,USD,Inmobiliaria Norte"
4054,CLEAN,duplicate_business_key,"TX-000747,CUST-E0040,ACC-E0040A,2024-02-24,20.49,USD,Spotify"
4058,CLEAN,missing_critical:customer_id,"TX-003352,,ACC-E0018A,2024-02-13,$167.32,Dólares,Empresa de Luz,,"
4059,CLEAN,missing_critical:date,"TX-003334,cust-e0025,ACC-E0025B,,55.52,Usd,Supermercado Central,,alimentacion"
4089,CLEAN,missing_critical:date,"TX-002987,CUST-E0030,ACC-E0030B,,5,000,000.00, usd ,Restaurante El Fogon,almuerzo restaurante,"
4093,CLEAN,exact_duplicate,"TX-002087,CUST-E0007,ACC-E0007A,2024-01-31,182.23,USD,Spotify"
4096,CLEAN,missing_critical:amount,"TX-003262,cust-e0029,ACC-E0029A,2024-03-02,,Dólares,Empresa de Luz,factura luz,servicios"
4103,CLEAN,missing_critical:customer_id,"TX-000535,,ACC-E0035A,16/03/2024,176.63,Euros,Netflix,suscripcion mensual netflix,suscripciones"
4120,CLEAN,exact_duplicate,"TX-003220,CUST-E0025,ACC-E0025B,2024-02-23,42.25,USD,Farmacia Salud"
4123,CLEAN,exact_duplicate,"TX-000207,CUST-E0020,ACC-E0020A,2024-01-15,193.02,USD,Inmobiliaria Norte"
4146,CLEAN,missing_critical:amount,"TX-000323,CUST-E0025,ACC-E0025B,Feb 16, 2024,,Usd,Netflix,suscripcion mensual netflix,suscripciones"
4168,CLEAN,negative_amount,"TX-003390,  CUST-E0035 ,  ACC-E0035B ,08/02/2024,-104.81,EUR,Restaurante El Fogon,almuerzo restaurante,alimentacion"
4173,CLEAN,invalid_amount,"TX-003236,  CUST-E0010 ,  ACC-E0010B ,Jan 13, 2024,USD,usd,tienda online xyz,compra online,"
4187,CLEAN,duplicate_business_key,"TX-004235,CUST-E0003,ACC-E0003A,2024-03-05,23.35,USD,Restaurante El Fogon"
4194,CLEAN,missing_critical:amount,"TX-001473,CUST-E0038,ACC-E0038A,03/03/2024,,Dólares,Uber,viaje uber,transporte"
4195,CLEAN,negative_amount,"TX-002764,CUST-E0031,ACC-E0031A,2024-03-11,-117.20,Usd,Restaurante El Fogon,almuerzo restaurante,alimentacion"
4196,CLEAN,invalid_date,"TX-002781,CUST-E0014,ACC-E0014A,15-01-24,57.42, usd ,Estacion Gasolina Sol,gasolina,transporte"
4206,CLEAN,exact_duplicate,"TX-002080,CUST-E0026,ACC-E0026A,2024-03-07,110.85,USD,Tienda Online XYZ"
4215,CLEAN,duplicate_business_key,"TX-002851,CUST-E0032,ACC-E0032A,2024-01-31,283.44,USD,Restaurante El Fogon"
4230,CLEAN,missing_critical:customer_id,"TX-000614,,ACC-E0004A,2024-01-25,104.44,US$,,factura luz,servicios"
4251,CLEAN,exact_duplicate,"TX-001057,CUST-E0038,ACC-E0038A,2024-02-06,21.33,USD,Estacion Gasolina Sol"
4255,CLEAN,exact_duplicate,"TX-004148,CUST-E0025,ACC-E0025A,2024-02-27,91.32,USD,Spotify"
4262,CLEAN,negative_amount,"TX-002256,CUST-E0032,ACC-E0032A,09/02/2024,-69.23,Usd,Internet Hogar,factura internet,servicios"
4269,CLEAN,missing_critical:amount,"TX-000210,CUST-E0016,ACC-E0016A,23/02/2024,, usd ,Spotify,suscripcion spotify,suscripciones"
4270,CLEAN,negative_amount,"TX-002167,CUST-E0008,ACC-E0008A,Jan 27, 2024,-83.63,USD,Restaurante El Fogon,almuerzo restaurante,"
4274,CLEAN,exact_duplicate,"TX-000876,CUST-E0015,ACC-E0015B,2024-03-23,18.32,COP,Tienda Online XYZ"
4277,CLEAN,duplicate_business_key,"TX-001550,CUST-E0009,ACC-E0009A,2024-02-09,36.72,USD,Estacion Gasolina Sol"
4278,CLEAN,duplicate_business_key,"TX-001981,CUST-E0027,ACC-E0027A,2024-01-28,63.96,COP,Estacion Gasolina Sol"
4305,CLEAN,negative_amount,"TX-001646,CUST-E0034,ACC-E0034A,01/01/2024,-58.76, usd ,inmobiliaria norte,renta apartamento,"
4307,CLEAN,exact_duplicate,"TX-002325,CUST-E0018,ACC-E0018A,2024-01-07,81.86,USD,Empresa de Luz"
4308,CLEAN,negative_amount,"TX-002199,cust-e0026,ACC-E0026A,19/01/2024,-112.60,Dólares,Internet Hogar,,servicios"
4315,CLEAN,negative_amount,"TX-004036,CUST-E0020,ACC-E0020A,03/01/2024,-163.67,usd,restaurante el fogon,almuerzo restaurante,"
4341,CLEAN,duplicate_business_key,"TX-003094,CUST-E0038,ACC-E0038A,2024-01-31,4.67,USD,Farmacia Salud"
4347,CLEAN,exact_duplicate,"TX-002905,CUST-E0023,ACC-E0023A,2024-01-14,285.99,USD,Farmacia Salud"
4357,CLEAN,duplicate_business_key,"TX-004228,CUST-E0027,ACC-E0027A,2024-02-13,74.98,COP,Internet Hogar"
4365,CLEAN,missing_critical:date,"TX-000705,CUST-E0016,acc-e0016a,,53.44,usd,supermercado central,compra semanal supermercado,alimentacion"
4376,CLEAN,exact_duplicate,"TX-002989,CUST-E0020,ACC-E0020A,2024-02-03,124.27,USD,Spotify"
